theme,ticker,ticker_clean,confidence,tier,combined_score,momentum,trend,fiedler,bull_ratio,stability,recent_return_pct,volatility,sector,action
bluezilla,VLXPAD-USD,VLXPAD,high,Tier 4,0.047986,-0.196834,24.482,0.625816,0.0,1.0,-8.27,13.73,Other,MONITOR
bluezilla,PLSPAD-USD,PLSPAD,high,Tier 4,0.047986,-0.196834,24.482,0.625816,0.0,1.0,-8.27,13.73,Other,MONITOR
bluezilla,ADAPAD-USD,ADAPAD,high,Tier 4,0.047986,-0.196834,24.482,0.625816,0.0,1.0,-8.27,13.73,Other,MONITOR
bluezilla,GZONE-USD,GZONE,high,Tier 4,0.047986,-0.196834,24.482,0.625816,0.0,1.0,-8.27,13.73,Other,MONITOR
bluezilla,AIPAD-USD,AIPAD,high,Tier 4,0.047986,-0.196834,24.482,0.625816,0.0,1.0,-8.27,13.73,Other,MONITOR
bluezilla,ETHPAD-USD,ETHPAD,high,Tier 4,0.047986,-0.196834,24.482,0.625816,0.0,1.0,-8.27,13.73,Other,MONITOR
bluezilla,METAV-USD,METAV,high,Tier 4,0.047986,-0.196834,24.482,0.625816,0.0,1.0,-8.27,13.73,Other,MONITOR
bluezilla,MOVEZ-USD,MOVEZ,high,Tier 4,0.047986,-0.196834,24.482,0.625816,0.0,1.0,-8.27,13.73,Other,MONITOR
bluezilla,BSCPAD-USD,BSCPAD,high,Tier 4,0.047986,-0.196834,24.482,0.625816,0.0,1.0,-8.27,13.73,Other,MONITOR
synthetics,SNX-USD,SNX,high,Tier 4,0.036827,-0.137702,17.4528,0.807418,0.0,0.776,inf,10.35,Other,MONITOR
synthetics,BTS-USD,BTS,high,Tier 4,0.036827,-0.137702,17.4528,0.807418,0.0,0.776,inf,10.35,Other,MONITOR
synthetics,SNY-USD,SNY,high,Tier 4,0.036827,-0.137702,17.4528,0.807418,0.0,0.776,inf,10.35,Other,MONITOR
synthetics,HZN-USD,HZN,high,Tier 4,0.036827,-0.137702,17.4528,0.807418,0.0,0.776,inf,10.35,Other,MONITOR
synthetics,JRT-USD,JRT,high,Tier 4,0.036827,-0.137702,17.4528,0.807418,0.0,0.776,inf,10.35,Other,MONITOR
synthetics,UMA-USD,UMA,high,Tier 4,0.036827,-0.137702,17.4528,0.807418,0.0,0.776,inf,10.35,Other,MONITOR
synthetics,SUSD-USD,SUSD,high,Tier 4,0.036827,-0.137702,17.4528,0.807418,0.0,0.776,inf,10.35,Other,MONITOR
polkastarter,CERE-USD,CERE,high,Tier 4,0.036113,-0.305855,34.1969,0.726896,0.0,1.0,-20.47,16.56,Other,MONITOR
polkastarter,PAID-USD,PAID,high,Tier 4,0.036113,-0.305855,34.1969,0.726896,0.0,1.0,-20.47,16.56,Other,MONITOR
polkastarter,WILD-USD,WILD,high,Tier 4,0.036113,-0.305855,34.1969,0.726896,0.0,1.0,-20.47,16.56,Other,MONITOR
polkastarter,STOS-USD,STOS,high,Tier 4,0.036113,-0.305855,34.1969,0.726896,0.0,1.0,-20.47,16.56,Other,MONITOR
polkastarter,POLK-USD,POLK,high,Tier 4,0.036113,-0.305855,34.1969,0.726896,0.0,1.0,-20.47,16.56,Other,MONITOR
polkastarter,MAHA-USD,MAHA,high,Tier 4,0.036113,-0.305855,34.1969,0.726896,0.0,1.0,-20.47,16.56,Other,MONITOR
polkastarter,PUSH-USD,PUSH,high,Tier 4,0.036113,-0.305855,34.1969,0.726896,0.0,1.0,-20.47,16.56,Other,MONITOR
polkastarter,SHFT-USD,SHFT,high,Tier 4,0.036113,-0.305855,34.1969,0.726896,0.0,1.0,-20.47,16.56,Other,MONITOR
polkastarter,XED-USD,XED,high,Tier 4,0.036113,-0.305855,34.1969,0.726896,0.0,1.0,-20.47,16.56,Other,MONITOR
parafi_capital,RAMP-USD,RAMP,high,Tier 4,0.0358,-0.085898,12.1697,0.837722,0.0,1.0,14.61,21.46,Other,MONITOR
parafi_capital,KNC-USD,KNC,high,Tier 4,0.0358,-0.085898,12.1697,0.837722,0.0,1.0,14.61,21.46,Other,MONITOR
parafi_capital,BETA-USD,BETA,high,Tier 4,0.0358,-0.085898,12.1697,0.837722,0.0,1.0,14.61,21.46,Other,MONITOR
parafi_capital,YFI-USD,YFI,high,Tier 4,0.0358,-0.085898,12.1697,0.837722,0.0,1.0,14.61,21.46,Other,MONITOR
parafi_capital,SNX-USD,SNX,high,Tier 4,0.0358,-0.085898,12.1697,0.837722,0.0,1.0,14.61,21.46,Other,MONITOR
parafi_capital,1INCH-USD,1INCH,high,Tier 4,0.0358,-0.085898,12.1697,0.837722,0.0,1.0,14.61,21.46,Other,MONITOR
parafi_capital,AAVE-USD,AAVE,high,Tier 4,0.0358,-0.085898,12.1697,0.837722,0.0,1.0,14.61,21.46,Other,MONITOR
parafi_capital,KEEP-USD,KEEP,high,Tier 4,0.0358,-0.085898,12.1697,0.837722,0.0,1.0,14.61,21.46,Other,MONITOR
options,HGET-USD,HGET,high,Tier 4,0.033199,-0.117106,15.0304,0.518806,0.0,1.0,-6.65,14.94,Other,MONITOR
options,ODDZ-USD,ODDZ,high,Tier 4,0.033199,-0.117106,15.0304,0.518806,0.0,1.0,-6.65,14.94,Other,MONITOR
options,PTF-USD,PTF,high,Tier 4,0.033199,-0.117106,15.0304,0.518806,0.0,1.0,-6.65,14.94,Other,MONITOR
options,DERI-USD,DERI,high,Tier 4,0.033199,-0.117106,15.0304,0.518806,0.0,1.0,-6.65,14.94,Other,MONITOR
options,HEGIC-USD,HEGIC,high,Tier 4,0.033199,-0.117106,15.0304,0.518806,0.0,1.0,-6.65,14.94,Other,MONITOR
chromia_ecosystem,ALICE-USD,ALICE,high,Tier 4,0.023677,-0.173044,19.6721,0.413094,0.0,1.0,-17.15,14.31,Ecosystem,MONITOR
chromia_ecosystem,APYS-USD,APYS,high,Tier 4,0.023677,-0.173044,19.6721,0.413094,0.0,1.0,-17.15,14.31,Ecosystem,MONITOR
chromia_ecosystem,CHR-USD,CHR,high,Tier 4,0.023677,-0.173044,19.6721,0.413094,0.0,1.0,-17.15,14.31,Ecosystem,MONITOR
chromia_ecosystem,CO-USD,CO,high,Tier 4,0.023677,-0.173044,19.6721,0.413094,0.0,1.0,-17.15,14.31,Ecosystem,MONITOR
chromia_ecosystem,HGET-USD,HGET,high,Tier 4,0.023677,-0.173044,19.6721,0.413094,0.0,1.0,-17.15,14.31,Ecosystem,MONITOR
chromia_ecosystem,BEL-USD,BEL,high,Tier 4,0.023677,-0.173044,19.6721,0.413094,0.0,1.0,-17.15,14.31,Ecosystem,MONITOR
bounce_launchpad,UMB-USD,UMB,high,Tier 4,0.020119,-0.157615,17.7734,0.0,0.0,1.0,1.38,31.19,VC_Portfolio,MONITOR
bounce_launchpad,O3-USD,O3,high,Tier 4,0.020119,-0.157615,17.7734,0.0,0.0,1.0,1.38,31.19,VC_Portfolio,MONITOR
bounce_launchpad,NFTB-USD,NFTB,high,Tier 4,0.020119,-0.157615,17.7734,0.0,0.0,1.0,1.38,31.19,VC_Portfolio,MONITOR
bounce_launchpad,ROOM-USD,ROOM,high,Tier 4,0.020119,-0.157615,17.7734,0.0,0.0,1.0,1.38,31.19,VC_Portfolio,MONITOR
bounce_launchpad,AUCTION-USD,AUCTION,high,Tier 4,0.020119,-0.157615,17.7734,0.0,0.0,1.0,1.38,31.19,VC_Portfolio,MONITOR
bounce_launchpad,BSCS-USD,BSCS,high,Tier 4,0.020119,-0.157615,17.7734,0.0,0.0,1.0,1.38,31.19,VC_Portfolio,MONITOR
osmosis_ecosystem,ARB-USD,ARB,high,Tier 4,0.01865,-0.211448,23.0098,1.0,0.0,1.0,-9.3,21.03,Ecosystem,MONITOR
osmosis_ecosystem,AKT-USD,AKT,high,Tier 4,0.01865,-0.211448,23.0098,1.0,0.0,1.0,-9.3,21.03,Ecosystem,MONITOR
osmosis_ecosystem,LUNC-USD,LUNC,high,Tier 4,0.01865,-0.211448,23.0098,1.0,0.0,1.0,-9.3,21.03,Ecosystem,MONITOR
osmosis_ecosystem,DOT-USD,DOT,high,Tier 4,0.01865,-0.211448,23.0098,1.0,0.0,1.0,-9.3,21.03,Ecosystem,MONITOR
osmosis_ecosystem,OSMO-USD,OSMO,high,Tier 4,0.01865,-0.211448,23.0098,1.0,0.0,1.0,-9.3,21.03,Ecosystem,MONITOR
osmosis_ecosystem,ATOM-USD,ATOM,high,Tier 4,0.01865,-0.211448,23.0098,1.0,0.0,1.0,-9.3,21.03,Ecosystem,MONITOR
osmosis_ecosystem,FET-USD,FET,high,Tier 4,0.01865,-0.211448,23.0098,1.0,0.0,1.0,-9.3,21.03,Ecosystem,MONITOR
osmosis_ecosystem,DOGE-USD,DOGE,high,Tier 4,0.01865,-0.211448,23.0098,1.0,0.0,1.0,-9.3,21.03,Ecosystem,MONITOR
binance_ecosystem,BNB-USD,BNB,high,Tier 4,0.01854,-0.102629,12.1169,0.277222,0.0,0.9562,0.42,13.29,Ecosystem,MONITOR
binance_ecosystem,USDC-USD,USDC,high,Tier 4,0.01854,-0.102629,12.1169,0.277222,0.0,0.9562,0.42,13.29,Ecosystem,MONITOR
binance_ecosystem,BTC-USD,BTC,high,Tier 4,0.01854,-0.102629,12.1169,0.277222,0.0,0.9562,0.42,13.29,Ecosystem,MONITOR
binance_ecosystem,DOGE-USD,DOGE,high,Tier 4,0.01854,-0.102629,12.1169,0.277222,0.0,0.9562,0.42,13.29,Ecosystem,MONITOR
binance_ecosystem,XRP-USD,XRP,high,Tier 4,0.01854,-0.102629,12.1169,0.277222,0.0,0.9562,0.42,13.29,Ecosystem,MONITOR
binance_ecosystem,USDT-USD,USDT,high,Tier 4,0.01854,-0.102629,12.1169,0.277222,0.0,0.9562,0.42,13.29,Ecosystem,MONITOR
binance_ecosystem,TRX-USD,TRX,high,Tier 4,0.01854,-0.102629,12.1169,0.277222,0.0,0.9562,0.42,13.29,Ecosystem,MONITOR
binance_ecosystem,SOL-USD,SOL,high,Tier 4,0.01854,-0.102629,12.1169,0.277222,0.0,0.9562,0.42,13.29,Ecosystem,MONITOR
binance_ecosystem,ETH-USD,ETH,high,Tier 4,0.01854,-0.102629,12.1169,0.277222,0.0,0.9562,0.42,13.29,Ecosystem,MONITOR
binance_ecosystem,ADA-USD,ADA,high,Tier 4,0.01854,-0.102629,12.1169,0.277222,0.0,0.9562,0.42,13.29,Ecosystem,MONITOR
rebase,STND-USD,STND,high,Tier 4,0.006264,-0.020282,2.6546,-0.0,0.65,0.8148,-18.41,21.23,Other,MONITOR
rebase,RAM-USD,RAM,high,Tier 4,0.006264,-0.020282,2.6546,-0.0,0.65,0.8148,-18.41,21.23,Other,MONITOR
rebase,ESD-USD,ESD,high,Tier 4,0.006264,-0.020282,2.6546,-0.0,0.65,0.8148,-18.41,21.23,Other,MONITOR
rebase,BAC-USD,BAC,high,Tier 4,0.006264,-0.020282,2.6546,-0.0,0.65,0.8148,-18.41,21.23,Other,MONITOR
rebase,AMPL-USD,AMPL,high,Tier 4,0.006264,-0.020282,2.6546,-0.0,0.65,0.8148,-18.41,21.23,Other,MONITOR
rebase,SHARE-USD,SHARE,high,Tier 4,0.006264,-0.020282,2.6546,-0.0,0.65,0.8148,-18.41,21.23,Other,MONITOR
seigniorage,ESD-USD,ESD,high,Tier 4,0.005988,0.001568,0.4421,0.0,0.0,1.0,-2.39,15.01,Other,MONITOR
seigniorage,FRAX-USD,FRAX,high,Tier 4,0.005988,0.001568,0.4421,0.0,0.0,1.0,-2.39,15.01,Other,MONITOR
seigniorage,BAC-USD,BAC,high,Tier 4,0.005988,0.001568,0.4421,0.0,0.0,1.0,-2.39,15.01,Other,MONITOR
seigniorage,USTC-USD,USTC,high,Tier 4,0.005988,0.001568,0.4421,0.0,0.0,1.0,-2.39,15.01,Other,MONITOR
seigniorage,SHARE-USD,SHARE,high,Tier 4,0.005988,0.001568,0.4421,0.0,0.0,1.0,-2.39,15.01,Other,MONITOR
xdc_ecosystem,XDC-USD,XDC,high,Tier 4,0.004395,-0.024562,2.8957,0.241154,1.0,1.0,-2.99,7.99,Ecosystem,MONITOR
xdc_ecosystem,USDC-USD,USDC,high,Tier 4,0.004395,-0.024562,2.8957,0.241154,1.0,1.0,-2.99,7.99,Ecosystem,MONITOR
xdc_ecosystem,LBT-USD,LBT,high,Tier 4,0.004395,-0.024562,2.8957,0.241154,1.0,1.0,-2.99,7.99,Ecosystem,MONITOR
xdc_ecosystem,CGO-USD,CGO,high,Tier 4,0.004395,-0.024562,2.8957,0.241154,1.0,1.0,-2.99,7.99,Ecosystem,MONITOR
xdc_ecosystem,SRX-USD,SRX,high,Tier 4,0.004395,-0.024562,2.8957,0.241154,1.0,1.0,-2.99,7.99,Ecosystem,MONITOR
xdc_ecosystem,PLI-USD,PLI,high,Tier 4,0.004395,-0.024562,2.8957,0.241154,1.0,1.0,-2.99,7.99,Ecosystem,MONITOR
fiat_stablecoin,USDP-USD,USDP,high,Tier 4,0.003319,0.000282,0.3037,0.0,0.0,1.0,0.25,0.17,Stablecoins,MONITOR
fiat_stablecoin,TUSD-USD,TUSD,high,Tier 4,0.003319,0.000282,0.3037,0.0,0.0,1.0,0.25,0.17,Stablecoins,MONITOR
fiat_stablecoin,USDC-USD,USDC,high,Tier 4,0.003319,0.000282,0.3037,0.0,0.0,1.0,0.25,0.17,Stablecoins,MONITOR
fiat_stablecoin,PYUSD-USD,PYUSD,high,Tier 4,0.003319,0.000282,0.3037,0.0,0.0,1.0,0.25,0.17,Stablecoins,MONITOR
fiat_stablecoin,EURS-USD,EURS,high,Tier 4,0.003319,0.000282,0.3037,0.0,0.0,1.0,0.25,0.17,Stablecoins,MONITOR
fiat_stablecoin,USDT-USD,USDT,high,Tier 4,0.003319,0.000282,0.3037,0.0,0.0,1.0,0.25,0.17,Stablecoins,MONITOR
fiat_stablecoin,FDUSD-USD,FDUSD,high,Tier 4,0.003319,0.000282,0.3037,0.0,0.0,1.0,0.25,0.17,Stablecoins,MONITOR
fiat_stablecoin,EURC-USD,EURC,high,Tier 4,0.003319,0.000282,0.3037,0.0,0.0,1.0,0.25,0.17,Stablecoins,MONITOR
algorithmic_stablecoin,CUSD-USD,CUSD,high,Tier 4,0.002103,-0.000869,0.2972,0.0,0.0,1.0,-1.8,4.86,Stablecoins,MONITOR
algorithmic_stablecoin,SUSD-USD,SUSD,high,Tier 4,0.002103,-0.000869,0.2972,0.0,0.0,1.0,-1.8,4.86,Stablecoins,MONITOR
algorithmic_stablecoin,CEUR-USD,CEUR,high,Tier 4,0.002103,-0.000869,0.2972,0.0,0.0,1.0,-1.8,4.86,Stablecoins,MONITOR
algorithmic_stablecoin,USDD-USD,USDD,high,Tier 4,0.002103,-0.000869,0.2972,0.0,0.0,1.0,-1.8,4.86,Stablecoins,MONITOR
algorithmic_stablecoin,FEI-USD,FEI,high,Tier 4,0.002103,-0.000869,0.2972,0.0,0.0,1.0,-1.8,4.86,Stablecoins,MONITOR
algorithmic_stablecoin,AMPL-USD,AMPL,high,Tier 4,0.002103,-0.000869,0.2972,0.0,0.0,1.0,-1.8,4.86,Stablecoins,MONITOR
usd_stablecoin,FDUSD-USD,FDUSD,high,Tier 4,0.000502,0.000187,0.0315,0.432742,0.0,1.0,0.01,0.11,Stablecoins,MONITOR
stablecoin,PYUSD-USD,PYUSD,high,Tier 4,0.000502,0.000187,0.0315,0.432742,0.0,1.0,0.01,0.11,Stablecoins,MONITOR
stablecoin,USDT-USD,USDT,high,Tier 4,0.000502,0.000187,0.0315,0.432742,0.0,1.0,0.01,0.11,Stablecoins,MONITOR
usd_stablecoin,DAI-USD,DAI,high,Tier 4,0.000502,0.000187,0.0315,0.432742,0.0,1.0,0.01,0.11,Stablecoins,MONITOR
stablecoin,TUSD-USD,TUSD,high,Tier 4,0.000502,0.000187,0.0315,0.432742,0.0,1.0,0.01,0.11,Stablecoins,MONITOR
stablecoin,USDC-USD,USDC,high,Tier 4,0.000502,0.000187,0.0315,0.432742,0.0,1.0,0.01,0.11,Stablecoins,MONITOR
stablecoin,USDD-USD,USDD,high,Tier 4,0.000502,0.000187,0.0315,0.432742,0.0,1.0,0.01,0.11,Stablecoins,MONITOR
usd_stablecoin,USDD-USD,USDD,high,Tier 4,0.000502,0.000187,0.0315,0.432742,0.0,1.0,0.01,0.11,Stablecoins,MONITOR
usd_stablecoin,PYUSD-USD,PYUSD,high,Tier 4,0.000502,0.000187,0.0315,0.432742,0.0,1.0,0.01,0.11,Stablecoins,MONITOR
usd_stablecoin,TUSD-USD,TUSD,high,Tier 4,0.000502,0.000187,0.0315,0.432742,0.0,1.0,0.01,0.11,Stablecoins,MONITOR
stablecoin,DAI-USD,DAI,high,Tier 4,0.000502,0.000187,0.0315,0.432742,0.0,1.0,0.01,0.11,Stablecoins,MONITOR
stablecoin,FDUSD-USD,FDUSD,high,Tier 4,0.000502,0.000187,0.0315,0.432742,0.0,1.0,0.01,0.11,Stablecoins,MONITOR
usd_stablecoin,USDC-USD,USDC,high,Tier 4,0.000502,0.000187,0.0315,0.432742,0.0,1.0,0.01,0.11,Stablecoins,MONITOR
usd_stablecoin,USDT-USD,USDT,high,Tier 4,0.000502,0.000187,0.0315,0.432742,0.0,1.0,0.01,0.11,Stablecoins,MONITOR
generative_ai,FET-USD,FET,high,Tier 4,0.0,0.0,0.0,0.0,0.0,0.0,0.0,0.0,AI,MONITOR
real_estate,PRO-USD,PRO,high,Tier 4,0.0,0.0,0.0,0.0,0.0,0.0,0.0,0.0,Other,MONITOR
real_estate,PRCL-USD,PRCL,high,Tier 4,0.0,0.0,0.0,0.0,0.0,0.0,0.0,0.0,Other,MONITOR
generative_ai,BABYDOGE-USD,BABYDOGE,high,Tier 4,0.0,0.0,0.0,0.0,0.0,0.0,0.0,0.0,AI,MONITOR
launchpad,CGPT-USD,CGPT,high,Tier 4,0.0,0.0,0.0,0.0,0.0,0.0,0.0,0.0,VC_Portfolio,MONITOR
launchpad,BABYDOGE-USD,BABYDOGE,high,Tier 4,0.0,0.0,0.0,0.0,0.0,0.0,0.0,0.0,VC_Portfolio,MONITOR
launchpad,KDA-USD,KDA,high,Tier 4,0.0,0.0,0.0,0.0,0.0,0.0,0.0,0.0,VC_Portfolio,MONITOR
launchpad,AITECH-USD,AITECH,high,Tier 4,0.0,0.0,0.0,0.0,0.0,0.0,0.0,0.0,VC_Portfolio,MONITOR
launchpad,IDIA-USD,IDIA,high,Tier 4,0.0,0.0,0.0,0.0,0.0,0.0,0.0,0.0,VC_Portfolio,MONITOR
real_estate,DEVVE-USD,DEVVE,high,Tier 4,0.0,0.0,0.0,0.0,0.0,0.0,0.0,0.0,Other,MONITOR
real_estate,BST-USD,BST,high,Tier 4,0.0,0.0,0.0,0.0,0.0,0.0,0.0,0.0,Other,MONITOR
real_estate,PROPC-USD,PROPC,high,Tier 4,0.0,0.0,0.0,0.0,0.0,0.0,0.0,0.0,Other,MONITOR
liquid_staking_derivatives,SWELL-USD,SWELL,high,Tier 4,0.0,0.0,0.0,0.0,0.0,0.0,0.0,0.0,DeFi,MONITOR
entertainment,BABYDOGE-USD,BABYDOGE,high,Tier 4,0.0,0.0,0.0,0.0,0.0,0.0,0.0,0.0,Other,MONITOR
entertainment,TFUEL-USD,TFUEL,high,Tier 4,0.0,0.0,0.0,0.0,0.0,0.0,0.0,0.0,Other,MONITOR
real_estate,RIO-USD,RIO,high,Tier 4,0.0,0.0,0.0,0.0,0.0,0.0,0.0,0.0,Other,MONITOR
real_estate,BABYDOGE-USD,BABYDOGE,high,Tier 4,0.0,0.0,0.0,0.0,0.0,0.0,0.0,0.0,Other,MONITOR
loyalty,ZBU-USD,ZBU,high,Tier 4,0.0,0.0,0.0,0.0,0.0,0.0,0.0,0.0,Other,MONITOR
blast_ecosystem,CYBRO-USD,CYBRO,high,Tier 4,0.0,0.0,0.0,0.0,0.0,0.0,0.0,0.0,Ecosystem,MONITOR
loyalty,EGLD-USD,EGLD,high,Tier 4,0.0,0.0,0.0,0.0,0.0,0.0,0.0,0.0,Other,MONITOR
generative_ai,QUBIC-USD,QUBIC,high,Tier 4,0.0,0.0,0.0,0.0,0.0,0.0,0.0,0.0,AI,MONITOR
generative_ai,VIRTUAL-USD,VIRTUAL,high,Tier 4,0.0,0.0,0.0,0.0,0.0,0.0,0.0,0.0,AI,MONITOR
doge_chain_ecosystem,WWDOGE-USD,WWDOGE,high,Tier 4,0.0,0.0,0.0,0.0,0.0,0.0,0.0,0.0,Memes,MONITOR
doge_chain_ecosystem,OMNOM-USD,OMNOM,high,Tier 4,0.0,0.0,0.0,0.0,0.0,0.0,0.0,0.0,Memes,MONITOR
liquid_staking_derivatives,BANK-USD,BANK,high,Tier 4,0.0,0.0,0.0,0.0,0.0,0.0,0.0,0.0,DeFi,MONITOR
cronos_ecosystem,ELON-USD,ELON,high,Tier 4,0.0,0.0,0.0,0.0,0.0,0.0,0.0,0.0,Ecosystem,MONITOR
cronos_ecosystem,TONIC-USD,TONIC,high,Tier 4,0.0,0.0,0.0,0.0,0.0,0.0,0.0,0.0,Ecosystem,MONITOR
cronos_ecosystem,VVS-USD,VVS,high,Tier 4,0.0,0.0,0.0,0.0,0.0,0.0,0.0,0.0,Ecosystem,MONITOR
cronos_ecosystem,FUL-USD,FUL,high,Tier 4,0.0,0.0,0.0,0.0,0.0,0.0,0.0,0.0,Ecosystem,MONITOR
liquid_staking_derivatives,RPL-USD,RPL,high,Tier 4,0.0,0.0,0.0,0.0,0.0,0.0,0.0,0.0,DeFi,MONITOR
liquid_staking_derivatives,ANKR-USD,ANKR,high,Tier 4,0.0,0.0,0.0,0.0,0.0,0.0,0.0,0.0,DeFi,MONITOR
liquid_staking_derivatives,QI-USD,QI,high,Tier 4,0.0,0.0,0.0,0.0,0.0,0.0,0.0,0.0,DeFi,MONITOR
media,ENJ-USD,ENJ,high,Tier 4,0.0,0.0,0.0,0.0,0.0,0.0,0.0,0.0,Other,MONITOR
media,AIOZ-USD,AIOZ,high,Tier 4,0.0,0.0,0.0,0.0,0.0,0.0,0.0,0.0,Other,MONITOR
media,HIVE-USD,HIVE,high,Tier 4,0.0,0.0,0.0,0.0,0.0,0.0,0.0,0.0,Other,MONITOR
media,LPT-USD,LPT,high,Tier 4,0.0,0.0,0.0,0.0,0.0,0.0,0.0,0.0,Other,MONITOR
liquid_staking_derivatives,LDO-USD,LDO,high,Tier 4,0.0,0.0,0.0,0.0,0.0,0.0,0.0,0.0,DeFi,MONITOR
liquid_staking_derivatives,SD-USD,SD,high,Tier 4,0.0,0.0,0.0,0.0,0.0,0.0,0.0,0.0,DeFi,MONITOR
media,THETA-USD,THETA,high,Tier 4,0.0,0.0,0.0,0.0,0.0,0.0,0.0,0.0,Other,MONITOR
liquid_staking_derivatives,JTO-USD,JTO,high,Tier 4,0.0,0.0,0.0,0.0,0.0,0.0,0.0,0.0,DeFi,MONITOR
blast_ecosystem,VCNT-USD,VCNT,high,Tier 4,0.0,0.0,0.0,0.0,0.0,0.0,0.0,0.0,Ecosystem,MONITOR
blast_ecosystem,ANKR-USD,ANKR,high,Tier 4,0.0,0.0,0.0,0.0,0.0,0.0,0.0,0.0,Ecosystem,MONITOR
blast_ecosystem,LINK-USD,LINK,high,Tier 4,0.0,0.0,0.0,0.0,0.0,0.0,0.0,0.0,Ecosystem,MONITOR
blast_ecosystem,PSTAKE-USD,PSTAKE,high,Tier 4,0.0,0.0,0.0,0.0,0.0,0.0,0.0,0.0,Ecosystem,MONITOR
blast_ecosystem,XPRT-USD,XPRT,high,Tier 4,0.0,0.0,0.0,0.0,0.0,0.0,0.0,0.0,Ecosystem,MONITOR
blast_ecosystem,MAHA-USD,MAHA,high,Tier 4,0.0,0.0,0.0,0.0,0.0,0.0,0.0,0.0,Ecosystem,MONITOR
loyalty,GALAXIS-USD,GALAXIS,high,Tier 4,0.0,0.0,0.0,0.0,0.0,0.0,0.0,0.0,Other,MONITOR
loyalty,AVT-USD,AVT,high,Tier 4,0.0,0.0,0.0,0.0,0.0,0.0,0.0,0.0,Other,MONITOR
loyalty,STMX-USD,STMX,high,Tier 4,0.0,0.0,0.0,0.0,0.0,0.0,0.0,0.0,Other,MONITOR
loyalty,BIST-USD,BIST,high,Tier 4,0.0,0.0,0.0,0.0,0.0,0.0,0.0,0.0,Other,MONITOR
media,RENDER-USD,RENDER,high,Tier 4,0.0,0.0,0.0,0.0,0.0,0.0,0.0,0.0,Other,MONITOR
doge_chain_ecosystem,YODE-USD,YODE,high,Tier 4,0.0,0.0,0.0,0.0,0.0,0.0,0.0,0.0,Memes,MONITOR
loyalty,BABYDOGE-USD,BABYDOGE,high,Tier 4,0.0,0.0,0.0,0.0,0.0,0.0,0.0,0.0,Other,MONITOR
loyalty,GFT-USD,GFT,high,Tier 4,0.0,0.0,0.0,0.0,0.0,0.0,0.0,0.0,Other,MONITOR
loyalty,DONUT-USD,DONUT,high,Tier 4,0.0,0.0,0.0,0.0,0.0,0.0,0.0,0.0,Other,MONITOR
blast_ecosystem,AIPO-USD,AIPO,high,Tier 4,0.0,0.0,0.0,0.0,0.0,0.0,0.0,0.0,Ecosystem,MONITOR
media,SNT-USD,SNT,high,Tier 4,0.0,0.0,0.0,0.0,0.0,0.0,0.0,0.0,Other,MONITOR
media,TRX-USD,TRX,high,Tier 4,0.0,0.0,0.0,0.0,0.0,0.0,0.0,0.0,Other,MONITOR
media,TFUEL-USD,TFUEL,high,Tier 4,0.0,0.0,0.0,0.0,0.0,0.0,0.0,0.0,Other,MONITOR
doggone_doggerel,CHEEMS-USD,CHEEMS,high,Tier 4,0.0,0.0,0.0,0.0,0.0,0.0,0.0,0.0,Other,MONITOR
doggone_doggerel,WIF-USD,WIF,high,Tier 4,0.0,0.0,0.0,0.0,0.0,0.0,0.0,0.0,Other,MONITOR
doggone_doggerel,DOGE-USD,DOGE,high,Tier 4,0.0,0.0,0.0,0.0,0.0,0.0,0.0,0.0,Other,MONITOR
doggone_doggerel,BONK-USD,BONK,high,Tier 4,0.0,0.0,0.0,0.0,0.0,0.0,0.0,0.0,Other,MONITOR
doggone_doggerel,FLOKI-USD,FLOKI,high,Tier 4,0.0,0.0,0.0,0.0,0.0,0.0,0.0,0.0,Other,MONITOR
cronos_ecosystem,ATOM-USD,ATOM,high,Tier 4,0.0,0.0,0.0,0.0,0.0,0.0,0.0,0.0,Ecosystem,MONITOR
cronos_ecosystem,VNO-USD,VNO,high,Tier 4,0.0,0.0,0.0,0.0,0.0,0.0,0.0,0.0,Ecosystem,MONITOR
cronos_ecosystem,CAW-USD,CAW,high,Tier 4,0.0,0.0,0.0,0.0,0.0,0.0,0.0,0.0,Ecosystem,MONITOR
cronos_ecosystem,LINK-USD,LINK,high,Tier 4,0.0,0.0,0.0,0.0,0.0,0.0,0.0,0.0,Ecosystem,MONITOR
generative_ai,LPT-USD,LPT,high,Tier 4,0.0,0.0,0.0,0.0,0.0,0.0,0.0,0.0,AI,MONITOR
doggone_doggerel,SHIB-USD,SHIB,high,Tier 4,0.0,0.0,0.0,0.0,0.0,0.0,0.0,0.0,Other,MONITOR
doggone_doggerel,NEIRO-USD,NEIRO,high,Tier 4,0.0,0.0,0.0,0.0,0.0,0.0,0.0,0.0,Other,MONITOR
doggone_doggerel,BABYDOGE-USD,BABYDOGE,high,Tier 4,0.0,0.0,0.0,0.0,0.0,0.0,0.0,0.0,Other,MONITOR
content_creation,THETA-USD,THETA,high,Tier 4,0.0,0.0,0.0,0.0,0.0,0.0,0.0,0.0,Other,MONITOR
marketing,BABYDOGE-USD,BABYDOGE,high,Tier 4,0.0,0.0,0.0,0.0,0.0,0.0,0.0,0.0,Other,MONITOR
marketing,BAT-USD,BAT,high,Tier 4,0.0,0.0,0.0,0.0,0.0,0.0,0.0,0.0,Other,MONITOR
marketing,RLC-USD,RLC,high,Tier 4,0.0,0.0,0.0,0.0,0.0,0.0,0.0,0.0,Other,MONITOR
marketing,ADS-USD,ADS,high,Tier 4,0.0,0.0,0.0,0.0,0.0,0.0,0.0,0.0,Other,MONITOR
media,BABYDOGE-USD,BABYDOGE,high,Tier 4,0.0,0.0,0.0,0.0,0.0,0.0,0.0,0.0,Other,MONITOR
discord_bots,PAAL-USD,PAAL,high,Tier 4,0.0,0.0,0.0,0.0,0.0,0.0,0.0,0.0,Other,MONITOR
discord_bots,BAD-USD,BAD,high,Tier 4,0.0,0.0,0.0,0.0,0.0,0.0,0.0,0.0,Other,MONITOR
generative_ai,AIOZ-USD,AIOZ,high,Tier 4,0.0,0.0,0.0,0.0,0.0,0.0,0.0,0.0,AI,MONITOR
generative_ai,AKT-USD,AKT,high,Tier 4,0.0,0.0,0.0,0.0,0.0,0.0,0.0,0.0,AI,MONITOR
marketing,ADX-USD,ADX,high,Tier 4,0.0,0.0,0.0,0.0,0.0,0.0,0.0,0.0,Other,MONITOR
discord_bots,AIKEK-USD,AIKEK,high,Tier 4,0.0,0.0,0.0,0.0,0.0,0.0,0.0,0.0,Other,MONITOR
discord_bots,COLLAB-USD,COLLAB,high,Tier 4,0.0,0.0,0.0,0.0,0.0,0.0,0.0,0.0,Other,MONITOR
discord_bots,CGPT-USD,CGPT,high,Tier 4,0.0,0.0,0.0,0.0,0.0,0.0,0.0,0.0,Other,MONITOR
generative_ai,RENDER-USD,RENDER,high,Tier 4,0.0,0.0,0.0,0.0,0.0,0.0,0.0,0.0,AI,MONITOR
generative_ai,TRAC-USD,TRAC,high,Tier 4,0.0,0.0,0.0,0.0,0.0,0.0,0.0,0.0,AI,MONITOR
eur_stablecoin,EURQ-USD,EURQ,high,Tier 4,0.0,0.0,0.0,0.0,0.0,0.0,0.0,0.0,Stablecoins,MONITOR
eur_stablecoin,EURC-USD,EURC,high,Tier 4,0.0,0.0,0.0,0.0,0.0,0.0,0.0,0.0,Stablecoins,MONITOR
eur_stablecoin,EURT-USD,EURT,high,Tier 4,0.0,0.0,0.0,0.0,0.0,0.0,0.0,0.0,Stablecoins,MONITOR
content_creation,BAT-USD,BAT,high,Tier 4,0.0,0.0,0.0,0.0,0.0,0.0,0.0,0.0,Other,MONITOR
content_creation,ATOM-USD,ATOM,high,Tier 4,0.0,0.0,0.0,0.0,0.0,0.0,0.0,0.0,Other,MONITOR
content_creation,TFUEL-USD,TFUEL,high,Tier 4,0.0,0.0,0.0,0.0,0.0,0.0,0.0,0.0,Other,MONITOR
content_creation,SNT-USD,SNT,high,Tier 4,0.0,0.0,0.0,0.0,0.0,0.0,0.0,0.0,Other,MONITOR
content_creation,BABYDOGE-USD,BABYDOGE,high,Tier 4,0.0,0.0,0.0,0.0,0.0,0.0,0.0,0.0,Other,MONITOR
content_creation,CHZ-USD,CHZ,high,Tier 4,0.0,0.0,0.0,0.0,0.0,0.0,0.0,0.0,Other,MONITOR
content_creation,ZEN-USD,ZEN,high,Tier 4,0.0,0.0,0.0,0.0,0.0,0.0,0.0,0.0,Other,MONITOR
content_creation,SAND-USD,SAND,high,Tier 4,0.0,0.0,0.0,0.0,0.0,0.0,0.0,0.0,Other,MONITOR
eur_stablecoin,VEUR-USD,VEUR,high,Tier 4,0.0,0.0,0.0,0.0,0.0,0.0,0.0,0.0,Stablecoins,MONITOR
eur_stablecoin,CEUR-USD,CEUR,high,Tier 4,0.0,0.0,0.0,0.0,0.0,0.0,0.0,0.0,Stablecoins,MONITOR
eur_stablecoin,EURCV-USD,EURCV,high,Tier 4,0.0,0.0,0.0,0.0,0.0,0.0,0.0,0.0,Stablecoins,MONITOR
eur_stablecoin,AEUR-USD,AEUR,high,Tier 4,0.0,0.0,0.0,0.0,0.0,0.0,0.0,0.0,Stablecoins,MONITOR
eur_stablecoin,EURI-USD,EURI,high,Tier 4,0.0,0.0,0.0,0.0,0.0,0.0,0.0,0.0,Stablecoins,MONITOR
hybrid_token_standard,BOZO-USD,BOZO,high,Tier 4,0.0,0.0,0.0,0.0,0.0,0.0,0.0,0.0,Other,MONITOR
hybrid_token_standard,POX-USD,POX,high,Tier 4,0.0,0.0,0.0,0.0,0.0,0.0,0.0,0.0,Other,MONITOR
hybrid_token_standard,PANDORA-USD,PANDORA,high,Tier 4,0.0,0.0,0.0,0.0,0.0,0.0,0.0,0.0,Other,MONITOR
hybrid_token_standard,MYST-USD,MYST,high,Tier 4,0.0,0.0,0.0,0.0,0.0,0.0,0.0,0.0,Other,MONITOR
toncoin_ecosystem,UXLINK-USD,UXLINK,high,Tier 4,0.0,0.0,0.0,0.0,0.0,0.0,0.0,0.0,Ecosystem,MONITOR
toncoin_ecosystem,BABYDOGE-USD,BABYDOGE,high,Tier 4,0.0,0.0,0.0,0.0,0.0,0.0,0.0,0.0,Ecosystem,MONITOR
toncoin_ecosystem,GOMINING-USD,GOMINING,high,Tier 4,0.0,0.0,0.0,0.0,0.0,0.0,0.0,0.0,Ecosystem,MONITOR
toncoin_ecosystem,NOT-USD,NOT,high,Tier 4,0.0,0.0,0.0,0.0,0.0,0.0,0.0,0.0,Ecosystem,MONITOR
eur_stablecoin,EURS-USD,EURS,high,Tier 4,0.0,0.0,0.0,0.0,0.0,0.0,0.0,0.0,Stablecoins,MONITOR
hybrid_token_standard,DEFROGS-USD,DEFROGS,high,Tier 4,0.0,0.0,0.0,0.0,0.0,0.0,0.0,0.0,Other,MONITOR
toncoin_ecosystem,MVL-USD,MVL,high,Tier 4,0.0,0.0,0.0,0.0,0.0,0.0,0.0,0.0,Ecosystem,MONITOR
toncoin_ecosystem,CATI-USD,CATI,high,Tier 4,0.0,0.0,0.0,0.0,0.0,0.0,0.0,0.0,Ecosystem,MONITOR
entertainment,WAXP-USD,WAXP,high,Tier 4,0.0,0.0,0.0,0.0,0.0,0.0,0.0,0.0,Other,MONITOR
entertainment,THETA-USD,THETA,high,Tier 4,0.0,0.0,0.0,0.0,0.0,0.0,0.0,0.0,Other,MONITOR
entertainment,VRA-USD,VRA,high,Tier 4,0.0,0.0,0.0,0.0,0.0,0.0,0.0,0.0,Other,MONITOR
entertainment,YGG-USD,YGG,high,Tier 4,0.0,0.0,0.0,0.0,0.0,0.0,0.0,0.0,Other,MONITOR
tokenized_assets,PAXG-USD,PAXG,high,Tier 4,-0.004967,-0.03245,2.7483,0.75,1.0,1.0,5.01,12.87,RWA,MONITOR
tokenized_assets,LINK-USD,LINK,high,Tier 4,-0.004967,-0.03245,2.7483,0.75,1.0,1.0,5.01,12.87,RWA,MONITOR
tokenized_assets,PRO-USD,PRO,high,Tier 4,-0.004967,-0.03245,2.7483,0.75,1.0,1.0,5.01,12.87,RWA,MONITOR
tokenized_assets,XAUT-USD,XAUT,high,Tier 4,-0.004967,-0.03245,2.7483,0.75,1.0,1.0,5.01,12.87,RWA,MONITOR
energy,SNC-USD,SNC,high,Tier 4,-0.01245,-0.164658,15.2208,0.61841,0.0,1.0,-0.64,12.43,Other,MONITOR
energy,EWT-USD,EWT,high,Tier 4,-0.01245,-0.164658,15.2208,0.61841,0.0,1.0,-0.64,12.43,Other,MONITOR
energy,POWR-USD,POWR,high,Tier 4,-0.01245,-0.164658,15.2208,0.61841,0.0,1.0,-0.64,12.43,Other,MONITOR
energy,WOZX-USD,WOZX,high,Tier 4,-0.01245,-0.164658,15.2208,0.61841,0.0,1.0,-0.64,12.43,Other,MONITOR
energy,DIONE-USD,DIONE,high,Tier 4,-0.01245,-0.164658,15.2208,0.61841,0.0,1.0,-0.64,12.43,Other,MONITOR
energy,EVDC-USD,EVDC,high,Tier 4,-0.01245,-0.164658,15.2208,0.61841,0.0,1.0,-0.64,12.43,Other,MONITOR
everscale_ecosystem,WETH-USD,WETH,high,Tier 4,-0.013003,-0.134769,12.1767,0.0,0.0,0.9562,19.95,102.19,Ecosystem,MONITOR
everscale_ecosystem,WBTC-USD,WBTC,high,Tier 4,-0.013003,-0.134769,12.1767,0.0,0.0,0.9562,19.95,102.19,Ecosystem,MONITOR
everscale_ecosystem,EVER-USD,EVER,high,Tier 4,-0.013003,-0.134769,12.1767,0.0,0.0,0.9562,19.95,102.19,Ecosystem,MONITOR
everscale_ecosystem,AZY-USD,AZY,high,Tier 4,-0.013003,-0.134769,12.1767,0.0,0.0,0.9562,19.95,102.19,Ecosystem,MONITOR
everscale_ecosystem,WEVER-USD,WEVER,high,Tier 4,-0.013003,-0.134769,12.1767,0.0,0.0,0.9562,19.95,102.19,Ecosystem,MONITOR
trustswap_launchpad,CELL-USD,CELL,high,Tier 4,-0.017482,-0.208427,19.0945,0.518806,0.0,1.0,-19.85,21.75,VC_Portfolio,MONITOR
trustswap_launchpad,CHAIN-USD,CHAIN,high,Tier 4,-0.017482,-0.208427,19.0945,0.518806,0.0,1.0,-19.85,21.75,VC_Portfolio,MONITOR
trustswap_launchpad,GLCH-USD,GLCH,high,Tier 4,-0.017482,-0.208427,19.0945,0.518806,0.0,1.0,-19.85,21.75,VC_Portfolio,MONITOR
trustswap_launchpad,IOEN-USD,IOEN,high,Tier 4,-0.017482,-0.208427,19.0945,0.518806,0.0,1.0,-19.85,21.75,VC_Portfolio,MONITOR
trustswap_launchpad,OPUL-USD,OPUL,high,Tier 4,-0.017482,-0.208427,19.0945,0.518806,0.0,1.0,-19.85,21.75,VC_Portfolio,MONITOR
tron_ecosystem,SUN-USD,SUN,high,Tier 4,-0.020638,-0.077435,5.6796,0.934203,0.45,0.8383,inf,13.3,Ecosystem,MONITOR
tron_ecosystem,MDT-USD,MDT,high,Tier 4,-0.020638,-0.077435,5.6796,0.934203,0.45,0.8383,inf,13.3,Ecosystem,MONITOR
tron_ecosystem,SUNDOG-USD,SUNDOG,high,Tier 4,-0.020638,-0.077435,5.6796,0.934203,0.45,0.8383,inf,13.3,Ecosystem,MONITOR
tron_ecosystem,GMCOIN-USD,GMCOIN,high,Tier 4,-0.020638,-0.077435,5.6796,0.934203,0.45,0.8383,inf,13.3,Ecosystem,MONITOR
tron_ecosystem,WIN-USD,WIN,high,Tier 4,-0.020638,-0.077435,5.6796,0.934203,0.45,0.8383,inf,13.3,Ecosystem,MONITOR
tron_ecosystem,TRX-USD,TRX,high,Tier 4,-0.020638,-0.077435,5.6796,0.934203,0.45,0.8383,inf,13.3,Ecosystem,MONITOR
tron_ecosystem,JST-USD,JST,high,Tier 4,-0.020638,-0.077435,5.6796,0.934203,0.45,0.8383,inf,13.3,Ecosystem,MONITOR
tron_ecosystem,BTT-USD,BTT,high,Tier 4,-0.020638,-0.077435,5.6796,0.934203,0.45,0.8383,inf,13.3,Ecosystem,MONITOR
tron_ecosystem,LINK-USD,LINK,high,Tier 4,-0.020638,-0.077435,5.6796,0.934203,0.45,0.8383,inf,13.3,Ecosystem,MONITOR
coinfund_portfolio,API3-USD,API3,high,Tier 4,-0.025954,-0.201648,17.5694,0.923602,0.0,1.0,-15.2,50.48,VC_Portfolio,MONITOR
coinfund_portfolio,FLOW-USD,FLOW,high,Tier 4,-0.025954,-0.201648,17.5694,0.923602,0.0,1.0,-15.2,50.48,VC_Portfolio,MONITOR
coinfund_portfolio,BAL-USD,BAL,high,Tier 4,-0.025954,-0.201648,17.5694,0.923602,0.0,1.0,-15.2,50.48,VC_Portfolio,MONITOR
coinfund_portfolio,LPT-USD,LPT,high,Tier 4,-0.025954,-0.201648,17.5694,0.923602,0.0,1.0,-15.2,50.48,VC_Portfolio,MONITOR
coinfund_portfolio,NMR-USD,NMR,high,Tier 4,-0.025954,-0.201648,17.5694,0.923602,0.0,1.0,-15.2,50.48,VC_Portfolio,MONITOR
coinfund_portfolio,KDA-USD,KDA,high,Tier 4,-0.025954,-0.201648,17.5694,0.923602,0.0,1.0,-15.2,50.48,VC_Portfolio,MONITOR
coinfund_portfolio,NEAR-USD,NEAR,high,Tier 4,-0.025954,-0.201648,17.5694,0.923602,0.0,1.0,-15.2,50.48,VC_Portfolio,MONITOR
coinfund_portfolio,DOT-USD,DOT,high,Tier 4,-0.025954,-0.201648,17.5694,0.923602,0.0,1.0,-15.2,50.48,VC_Portfolio,MONITOR
animal_memes,SHIB-USD,SHIB,high,Tier 4,-0.027706,-0.087115,5.9409,0.0,0.0,0.9196,inf,17.65,Memes,MONITOR
animal_memes,BONK-USD,BONK,high,Tier 4,-0.027706,-0.087115,5.9409,0.0,0.0,0.9196,inf,17.65,Memes,MONITOR
animal_memes,MOG-USD,MOG,high,Tier 4,-0.027706,-0.087115,5.9409,0.0,0.0,0.9196,inf,17.65,Memes,MONITOR
animal_memes,DOGE-USD,DOGE,high,Tier 4,-0.027706,-0.087115,5.9409,0.0,0.0,0.9196,inf,17.65,Memes,MONITOR
animal_memes,CHEEMS-USD,CHEEMS,high,Tier 4,-0.027706,-0.087115,5.9409,0.0,0.0,0.9196,inf,17.65,Memes,MONITOR
animal_memes,FLOKI-USD,FLOKI,high,Tier 4,-0.027706,-0.087115,5.9409,0.0,0.0,0.9196,inf,17.65,Memes,MONITOR
animal_memes,WIF-USD,WIF,high,Tier 4,-0.027706,-0.087115,5.9409,0.0,0.0,0.9196,inf,17.65,Memes,MONITOR
yearn_partnerships,CVP-USD,CVP,high,Tier 4,-0.029405,-0.14804,11.8635,0.892904,0.0,1.0,207.93,122.81,Other,MONITOR
yearn_partnerships,CREAM-USD,CREAM,high,Tier 4,-0.029405,-0.14804,11.8635,0.892904,0.0,1.0,207.93,122.81,Other,MONITOR
yearn_partnerships,KP3R-USD,KP3R,high,Tier 4,-0.029405,-0.14804,11.8635,0.892904,0.0,1.0,207.93,122.81,Other,MONITOR
yearn_partnerships,SUSHI-USD,SUSHI,high,Tier 4,-0.029405,-0.14804,11.8635,0.892904,0.0,1.0,207.93,122.81,Other,MONITOR
yearn_partnerships,YFI-USD,YFI,high,Tier 4,-0.029405,-0.14804,11.8635,0.892904,0.0,1.0,207.93,122.81,Other,MONITOR
yearn_partnerships,PICKLE-USD,PICKLE,high,Tier 4,-0.029405,-0.14804,11.8635,0.892904,0.0,1.0,207.93,122.81,Other,MONITOR
account_abstraction,LUMIA-USD,LUMIA,high,Tier 4,-0.030852,-0.185307,15.4455,-0.0,0.0,1.0,2.74,38.57,Other,MONITOR
account_abstraction,BICO-USD,BICO,high,Tier 4,-0.030852,-0.185307,15.4455,-0.0,0.0,1.0,2.74,38.57,Other,MONITOR
account_abstraction,PHA-USD,PHA,high,Tier 4,-0.030852,-0.185307,15.4455,-0.0,0.0,1.0,2.74,38.57,Other,MONITOR
account_abstraction,ADX-USD,ADX,high,Tier 4,-0.030852,-0.185307,15.4455,-0.0,0.0,1.0,2.74,38.57,Other,MONITOR
account_abstraction,WALLET-USD,WALLET,high,Tier 4,-0.030852,-0.185307,15.4455,-0.0,0.0,1.0,2.74,38.57,Other,MONITOR
account_abstraction,NEAR-USD,NEAR,high,Tier 4,-0.030852,-0.185307,15.4455,-0.0,0.0,1.0,2.74,38.57,Other,MONITOR
account_abstraction,SAFE-USD,SAFE,high,Tier 4,-0.030852,-0.185307,15.4455,-0.0,0.0,1.0,2.74,38.57,Other,MONITOR
account_abstraction,PLR-USD,PLR,high,Tier 4,-0.030852,-0.185307,15.4455,-0.0,0.0,1.0,2.74,38.57,Other,MONITOR
velas_ecosystem,PLSPAD-USD,PLSPAD,high,Tier 4,-0.033788,-0.153987,12.0198,0.295512,0.0,0.9562,-4.97,13.56,Ecosystem,MONITOR
velas_ecosystem,METAV-USD,METAV,high,Tier 4,-0.033788,-0.153987,12.0198,0.295512,0.0,0.9562,-4.97,13.56,Ecosystem,MONITOR
velas_ecosystem,VLXPAD-USD,VLXPAD,high,Tier 4,-0.033788,-0.153987,12.0198,0.295512,0.0,0.9562,-4.97,13.56,Ecosystem,MONITOR
velas_ecosystem,WBTC-USD,WBTC,high,Tier 4,-0.033788,-0.153987,12.0198,0.295512,0.0,0.9562,-4.97,13.56,Ecosystem,MONITOR
velas_ecosystem,TDX-USD,TDX,high,Tier 4,-0.033788,-0.153987,12.0198,0.295512,0.0,0.9562,-4.97,13.56,Ecosystem,MONITOR
velas_ecosystem,WADA-USD,WADA,high,Tier 4,-0.033788,-0.153987,12.0198,0.295512,0.0,0.9562,-4.97,13.56,Ecosystem,MONITOR
velas_ecosystem,WAG-USD,WAG,high,Tier 4,-0.033788,-0.153987,12.0198,0.295512,0.0,0.9562,-4.97,13.56,Ecosystem,MONITOR
velas_ecosystem,SCAR-USD,SCAR,high,Tier 4,-0.033788,-0.153987,12.0198,0.295512,0.0,0.9562,-4.97,13.56,Ecosystem,MONITOR
social_money,WHALE-USD,WHALE,high,Tier 4,-0.03725,-0.306124,26.8874,0.43934,0.0,1.0,-40.63,30.12,Other,MONITOR
social_money,DMAIL-USD,DMAIL,high,Tier 4,-0.03725,-0.306124,26.8874,0.43934,0.0,1.0,-40.63,30.12,Other,MONITOR
social_money,FWB-USD,FWB,high,Tier 4,-0.03725,-0.306124,26.8874,0.43934,0.0,1.0,-40.63,30.12,Other,MONITOR
social_money,RLY-USD,RLY,high,Tier 4,-0.03725,-0.306124,26.8874,0.43934,0.0,1.0,-40.63,30.12,Other,MONITOR
heco_ecosystem,ONE-USD,ONE,high,Tier 4,-0.037639,-0.15944,12.1801,1.0,0.0,1.0,-8.68,16.0,Ecosystem,MONITOR
heco_ecosystem,YFI-USD,YFI,high,Tier 4,-0.037639,-0.15944,12.1801,1.0,0.0,1.0,-8.68,16.0,Ecosystem,MONITOR
heco_ecosystem,ELA-USD,ELA,high,Tier 4,-0.037639,-0.15944,12.1801,1.0,0.0,1.0,-8.68,16.0,Ecosystem,MONITOR
heco_ecosystem,DOT-USD,DOT,high,Tier 4,-0.037639,-0.15944,12.1801,1.0,0.0,1.0,-8.68,16.0,Ecosystem,MONITOR
heco_ecosystem,SNX-USD,SNX,high,Tier 4,-0.037639,-0.15944,12.1801,1.0,0.0,1.0,-8.68,16.0,Ecosystem,MONITOR
heco_ecosystem,BAL-USD,BAL,high,Tier 4,-0.037639,-0.15944,12.1801,1.0,0.0,1.0,-8.68,16.0,Ecosystem,MONITOR
heco_ecosystem,AAVE-USD,AAVE,high,Tier 4,-0.037639,-0.15944,12.1801,1.0,0.0,1.0,-8.68,16.0,Ecosystem,MONITOR
bitcoin_ecosystem,BTC-USD,BTC,high,Tier 4,-0.03927,-0.15876,11.949,1.0,0.0,0.9562,-11.96,19.1,Ecosystem,MONITOR
bitcoin_ecosystem,LINK-USD,LINK,high,Tier 4,-0.03927,-0.15876,11.949,1.0,0.0,0.9562,-11.96,19.1,Ecosystem,MONITOR
bitcoin_ecosystem,QTUM-USD,QTUM,high,Tier 4,-0.03927,-0.15876,11.949,1.0,0.0,0.9562,-11.96,19.1,Ecosystem,MONITOR
bitcoin_ecosystem,DCR-USD,DCR,high,Tier 4,-0.03927,-0.15876,11.949,1.0,0.0,0.9562,-11.96,19.1,Ecosystem,MONITOR
bitcoin_ecosystem,BSV-USD,BSV,high,Tier 4,-0.03927,-0.15876,11.949,1.0,0.0,0.9562,-11.96,19.1,Ecosystem,MONITOR
bitcoin_ecosystem,RSR-USD,RSR,high,Tier 4,-0.03927,-0.15876,11.949,1.0,0.0,0.9562,-11.96,19.1,Ecosystem,MONITOR
bitcoin_ecosystem,PENDLE-USD,PENDLE,high,Tier 4,-0.03927,-0.15876,11.949,1.0,0.0,0.9562,-11.96,19.1,Ecosystem,MONITOR
celebrity_memes,DADDY-USD,DADDY,high,Tier 4,-0.039623,-0.254726,21.5103,1.0,0.0,1.0,2.59,25.87,Memes,MONITOR
celebrity_memes,MOTHER-USD,MOTHER,high,Tier 4,-0.039623,-0.254726,21.5103,1.0,0.0,1.0,2.59,25.87,Memes,MONITOR
celebrity_memes,LILPUMP-USD,LILPUMP,high,Tier 4,-0.039623,-0.254726,21.5103,1.0,0.0,1.0,2.59,25.87,Memes,MONITOR
tezos_ecosystem,CNDY-USD,CNDY,high,Tier 4,-0.039996,-0.068054,2.8059,1.0,1.0,1.0,-6.07,13.97,Ecosystem,MONITOR
tezos_ecosystem,DOGA-USD,DOGA,high,Tier 4,-0.039996,-0.068054,2.8059,1.0,1.0,1.0,-6.07,13.97,Ecosystem,MONITOR
tezos_ecosystem,XTZ-USD,XTZ,high,Tier 4,-0.039996,-0.068054,2.8059,1.0,1.0,1.0,-6.07,13.97,Ecosystem,MONITOR
tezos_ecosystem,VNXAU-USD,VNXAU,high,Tier 4,-0.039996,-0.068054,2.8059,1.0,1.0,1.0,-6.07,13.97,Ecosystem,MONITOR
cat-themed,MIGGLES-USD,MIGGLES,high,Tier 4,-0.043917,-0.228635,18.4718,1.0,0.0,0.776,inf,24.97,Other,MONITOR
cat-themed,KEYCAT-USD,KEYCAT,high,Tier 4,-0.043917,-0.228635,18.4718,1.0,0.0,0.776,inf,24.97,Other,MONITOR
cat-themed,MOG-USD,MOG,high,Tier 4,-0.043917,-0.228635,18.4718,1.0,0.0,0.776,inf,24.97,Other,MONITOR
dao,AAVE-USD,AAVE,high,Tier 4,-0.058754,-0.17445,11.5696,1.0,0.0,1.0,-10.91,18.79,Other,MONITOR
dao,ENS-USD,ENS,high,Tier 4,-0.058754,-0.17445,11.5696,1.0,0.0,1.0,-10.91,18.79,Other,MONITOR
dao,DASH-USD,DASH,high,Tier 4,-0.058754,-0.17445,11.5696,1.0,0.0,1.0,-10.91,18.79,Other,MONITOR
dao,LDO-USD,LDO,high,Tier 4,-0.058754,-0.17445,11.5696,1.0,0.0,1.0,-10.91,18.79,Other,MONITOR
dao,DEXE-USD,DEXE,high,Tier 4,-0.058754,-0.17445,11.5696,1.0,0.0,1.0,-10.91,18.79,Other,MONITOR
dao,CRV-USD,CRV,high,Tier 4,-0.058754,-0.17445,11.5696,1.0,0.0,1.0,-10.91,18.79,Other,MONITOR
dao,ARB-USD,ARB,high,Tier 4,-0.058754,-0.17445,11.5696,1.0,0.0,1.0,-10.91,18.79,Other,MONITOR
gambling,BFG-USD,BFG,high,Tier 4,-0.062942,-0.095015,3.2074,0.174167,0.15,0.7414,5.18,10.3,Other,MONITOR
gambling,SHFL-USD,SHFL,high,Tier 4,-0.062942,-0.095015,3.2074,0.174167,0.15,0.7414,5.18,10.3,Other,MONITOR
gambling,XED-USD,XED,high,Tier 4,-0.062942,-0.095015,3.2074,0.174167,0.15,0.7414,5.18,10.3,Other,MONITOR
gambling,SBET-USD,SBET,high,Tier 4,-0.062942,-0.095015,3.2074,0.174167,0.15,0.7414,5.18,10.3,Other,MONITOR
gambling,SOLAMA-USD,SOLAMA,high,Tier 4,-0.062942,-0.095015,3.2074,0.174167,0.15,0.7414,5.18,10.3,Other,MONITOR
gambling,RLB-USD,RLB,high,Tier 4,-0.062942,-0.095015,3.2074,0.174167,0.15,0.7414,5.18,10.3,Other,MONITOR
fabric_ventures_portfolio,NEAR-USD,NEAR,high,Tier 4,-0.063111,-0.18425,12.1139,1.0,0.0,0.9562,7.1,24.89,VC_Portfolio,MONITOR
fabric_ventures_portfolio,KEEP-USD,KEEP,high,Tier 4,-0.063111,-0.18425,12.1139,1.0,0.0,0.9562,7.1,24.89,VC_Portfolio,MONITOR
fabric_ventures_portfolio,BTC-USD,BTC,high,Tier 4,-0.063111,-0.18425,12.1139,1.0,0.0,0.9562,7.1,24.89,VC_Portfolio,MONITOR
fabric_ventures_portfolio,1INCH-USD,1INCH,high,Tier 4,-0.063111,-0.18425,12.1139,1.0,0.0,0.9562,7.1,24.89,VC_Portfolio,MONITOR
fabric_ventures_portfolio,MANA-USD,MANA,high,Tier 4,-0.063111,-0.18425,12.1139,1.0,0.0,0.9562,7.1,24.89,VC_Portfolio,MONITOR
fabric_ventures_portfolio,ZRX-USD,ZRX,high,Tier 4,-0.063111,-0.18425,12.1139,1.0,0.0,0.9562,7.1,24.89,VC_Portfolio,MONITOR
fabric_ventures_portfolio,DOT-USD,DOT,high,Tier 4,-0.063111,-0.18425,12.1139,1.0,0.0,0.9562,7.1,24.89,VC_Portfolio,MONITOR
fabric_ventures_portfolio,ETH-USD,ETH,high,Tier 4,-0.063111,-0.18425,12.1139,1.0,0.0,0.9562,7.1,24.89,VC_Portfolio,MONITOR
celo_ecosystem,NSFW-USD,NSFW,high,Tier 4,-0.070576,-0.160009,8.9433,0.687956,0.0,1.0,-3.5,16.44,Ecosystem,MONITOR
celo_ecosystem,CUSD-USD,CUSD,high,Tier 4,-0.070576,-0.160009,8.9433,0.687956,0.0,1.0,-3.5,16.44,Ecosystem,MONITOR
celo_ecosystem,SUSHI-USD,SUSHI,high,Tier 4,-0.070576,-0.160009,8.9433,0.687956,0.0,1.0,-3.5,16.44,Ecosystem,MONITOR
celo_ecosystem,JMPT-USD,JMPT,high,Tier 4,-0.070576,-0.160009,8.9433,0.687956,0.0,1.0,-3.5,16.44,Ecosystem,MONITOR
celo_ecosystem,OLAS-USD,OLAS,high,Tier 4,-0.070576,-0.160009,8.9433,0.687956,0.0,1.0,-3.5,16.44,Ecosystem,MONITOR
celo_ecosystem,CELO-USD,CELO,high,Tier 4,-0.070576,-0.160009,8.9433,0.687956,0.0,1.0,-3.5,16.44,Ecosystem,MONITOR
celo_ecosystem,SWEAT-USD,SWEAT,high,Tier 4,-0.070576,-0.160009,8.9433,0.687956,0.0,1.0,-3.5,16.44,Ecosystem,MONITOR
celo_ecosystem,CEUR-USD,CEUR,high,Tier 4,-0.070576,-0.160009,8.9433,0.687956,0.0,1.0,-3.5,16.44,Ecosystem,MONITOR
celo_ecosystem,C98-USD,C98,high,Tier 4,-0.070576,-0.160009,8.9433,0.687956,0.0,1.0,-3.5,16.44,Ecosystem,MONITOR
data_availability,NEAR-USD,NEAR,high,Tier 4,-0.072871,-0.235932,16.3061,0.0,0.0,1.0,-17.98,23.03,Other,MONITOR
data_availability,LUMIA-USD,LUMIA,high,Tier 4,-0.072871,-0.235932,16.3061,0.0,0.0,1.0,-17.98,23.03,Other,MONITOR
data_availability,KYVE-USD,KYVE,high,Tier 4,-0.072871,-0.235932,16.3061,0.0,0.0,1.0,-17.98,23.03,Other,MONITOR
data_availability,PHA-USD,PHA,high,Tier 4,-0.072871,-0.235932,16.3061,0.0,0.0,1.0,-17.98,23.03,Other,MONITOR
data_availability,SYS-USD,SYS,high,Tier 4,-0.072871,-0.235932,16.3061,0.0,0.0,1.0,-17.98,23.03,Other,MONITOR
data_availability,LMR-USD,LMR,high,Tier 4,-0.072871,-0.235932,16.3061,0.0,0.0,1.0,-17.98,23.03,Other,MONITOR
e-commerce,UQC-USD,UQC,high,Tier 4,-0.073206,-0.142382,6.9175,0.323337,0.0,1.0,-2.01,22.92,Other,MONITOR
e-commerce,OMAX-USD,OMAX,high,Tier 4,-0.073206,-0.142382,6.9175,0.323337,0.0,1.0,-2.01,22.92,Other,MONITOR
e-commerce,BIST-USD,BIST,high,Tier 4,-0.073206,-0.142382,6.9175,0.323337,0.0,1.0,-2.01,22.92,Other,MONITOR
e-commerce,BOSON-USD,BOSON,high,Tier 4,-0.073206,-0.142382,6.9175,0.323337,0.0,1.0,-2.01,22.92,Other,MONITOR
e-commerce,PART-USD,PART,high,Tier 4,-0.073206,-0.142382,6.9175,0.323337,0.0,1.0,-2.01,22.92,Other,MONITOR
e-commerce,MBD-USD,MBD,high,Tier 4,-0.073206,-0.142382,6.9175,0.323337,0.0,1.0,-2.01,22.92,Other,MONITOR
e-commerce,ELMON-USD,ELMON,high,Tier 4,-0.073206,-0.142382,6.9175,0.323337,0.0,1.0,-2.01,22.92,Other,MONITOR
e-commerce,BRG-USD,BRG,high,Tier 4,-0.073206,-0.142382,6.9175,0.323337,0.0,1.0,-2.01,22.92,Other,MONITOR
e-commerce,CRP-USD,CRP,high,Tier 4,-0.073206,-0.142382,6.9175,0.323337,0.0,1.0,-2.01,22.92,Other,MONITOR
scaling,ZEN-USD,ZEN,high,Tier 4,-0.126026,-0.214084,8.8058,1.0,0.05,0.6875,-17.34,16.65,Other,MONITOR
scaling,EGLD-USD,EGLD,high,Tier 4,-0.126026,-0.214084,8.8058,1.0,0.05,0.6875,-17.34,16.65,Other,MONITOR
scaling,SKL-USD,SKL,high,Tier 4,-0.126026,-0.214084,8.8058,1.0,0.05,0.6875,-17.34,16.65,Other,MONITOR
scaling,ROSE-USD,ROSE,high,Tier 4,-0.126026,-0.214084,8.8058,1.0,0.05,0.6875,-17.34,16.65,Other,MONITOR
scaling,LRC-USD,LRC,high,Tier 4,-0.126026,-0.214084,8.8058,1.0,0.05,0.6875,-17.34,16.65,Other,MONITOR
scaling,RENDER-USD,RENDER,high,Tier 4,-0.126026,-0.214084,8.8058,1.0,0.05,0.6875,-17.34,16.65,Other,MONITOR
scaling,CKB-USD,CKB,high,Tier 4,-0.126026,-0.214084,8.8058,1.0,0.05,0.6875,-17.34,16.65,Other,MONITOR
scaling,ARB-USD,ARB,high,Tier 4,-0.126026,-0.214084,8.8058,1.0,0.05,0.6875,-17.34,16.65,Other,MONITOR
scaling,ZRX-USD,ZRX,high,Tier 4,-0.126026,-0.214084,8.8058,1.0,0.05,0.6875,-17.34,16.65,Other,MONITOR
logistics,TRAC-USD,TRAC,high,Tier 4,-0.132113,-0.179289,4.7176,0.100793,0.2,0.7476,3.51,19.49,Other,MONITOR
logistics,TONE-USD,TONE,high,Tier 4,-0.132113,-0.179289,4.7176,0.100793,0.2,0.7476,3.51,19.49,Other,MONITOR
logistics,GEEQ-USD,GEEQ,high,Tier 4,-0.132113,-0.179289,4.7176,0.100793,0.2,0.7476,3.51,19.49,Other,MONITOR
logistics,VET-USD,VET,high,Tier 4,-0.132113,-0.179289,4.7176,0.100793,0.2,0.7476,3.51,19.49,Other,MONITOR
logistics,XEP-USD,XEP,high,Tier 4,-0.132113,-0.179289,4.7176,0.100793,0.2,0.7476,3.51,19.49,Other,MONITOR
logistics,MNW-USD,MNW,high,Tier 4,-0.132113,-0.179289,4.7176,0.100793,0.2,0.7476,3.51,19.49,Other,MONITOR
logistics,PPT-USD,PPT,high,Tier 4,-0.132113,-0.179289,4.7176,0.100793,0.2,0.7476,3.51,19.49,Other,MONITOR
logistics,XYO-USD,XYO,high,Tier 4,-0.132113,-0.179289,4.7176,0.100793,0.2,0.7476,3.51,19.49,Other,MONITOR
logistics,BLY-USD,BLY,high,Tier 4,-0.132113,-0.179289,4.7176,0.100793,0.2,0.7476,3.51,19.49,Other,MONITOR
real_world_assets_protocols,ALGO-USD,ALGO,high,Tier 4,-0.136354,-0.162951,2.6597,0.698729,1.0,1.0,-5.03,17.63,RWA,MONITOR
real_world_assets_protocols,LINK-USD,LINK,high,Tier 4,-0.136354,-0.162951,2.6597,0.698729,1.0,1.0,-5.03,17.63,RWA,MONITOR
real_world_assets_protocols,ONDO-USD,ONDO,high,Tier 4,-0.136354,-0.162951,2.6597,0.698729,1.0,1.0,-5.03,17.63,RWA,MONITOR
real_world_assets_protocols,XAUT-USD,XAUT,high,Tier 4,-0.136354,-0.162951,2.6597,0.698729,1.0,1.0,-5.03,17.63,RWA,MONITOR
real_world_assets_protocols,PAXG-USD,PAXG,high,Tier 4,-0.136354,-0.162951,2.6597,0.698729,1.0,1.0,-5.03,17.63,RWA,MONITOR
real_world_assets_protocols,HBAR-USD,HBAR,high,Tier 4,-0.136354,-0.162951,2.6597,0.698729,1.0,1.0,-5.03,17.63,RWA,MONITOR
real_world_assets_protocols,XLM-USD,XLM,high,Tier 4,-0.136354,-0.162951,2.6597,0.698729,1.0,1.0,-5.03,17.63,RWA,MONITOR
real_world_assets_protocols,AVAX-USD,AVAX,high,Tier 4,-0.136354,-0.162951,2.6597,0.698729,1.0,1.0,-5.03,17.63,RWA,MONITOR
real_world_assets_protocols,VET-USD,VET,high,Tier 4,-0.136354,-0.162951,2.6597,0.698729,1.0,1.0,-5.03,17.63,RWA,MONITOR
protocol-owned_liquidity,ALCX-USD,ALCX,high,Tier 4,-0.161467,-0.179939,1.8472,0.0,0.5,0.7355,-12.08,16.72,Other,MONITOR
protocol-owned_liquidity,KLIMA-USD,KLIMA,high,Tier 4,-0.161467,-0.179939,1.8472,0.0,0.5,0.7355,-12.08,16.72,Other,MONITOR
protocol-owned_liquidity,TOKE-USD,TOKE,high,Tier 4,-0.161467,-0.179939,1.8472,0.0,0.5,0.7355,-12.08,16.72,Other,MONITOR
protocol-owned_liquidity,OHM-USD,OHM,high,Tier 4,-0.161467,-0.179939,1.8472,0.0,0.5,0.7355,-12.08,16.72,Other,MONITOR
protocol-owned_liquidity,SPELL-USD,SPELL,high,Tier 4,-0.161467,-0.179939,1.8472,0.0,0.5,0.7355,-12.08,16.72,Other,MONITOR
dao_maker,VAI-USD,VAI,high,Tier 4,-0.178538,-0.243592,6.5054,0.335114,0.0,0.9673,-19.37,17.84,Other,MONITOR
dao_maker,DAO-USD,DAO,high,Tier 4,-0.178538,-0.243592,6.5054,0.335114,0.0,0.9673,-19.37,17.84,Other,MONITOR
dao_maker,NUM-USD,NUM,high,Tier 4,-0.178538,-0.243592,6.5054,0.335114,0.0,0.9673,-19.37,17.84,Other,MONITOR
dao_maker,RWA-USD,RWA,high,Tier 4,-0.178538,-0.243592,6.5054,0.335114,0.0,0.9673,-19.37,17.84,Other,MONITOR
dao_maker,ALICE-USD,ALICE,high,Tier 4,-0.178538,-0.243592,6.5054,0.335114,0.0,0.9673,-19.37,17.84,Other,MONITOR
dao_maker,FITFI-USD,FITFI,high,Tier 4,-0.178538,-0.243592,6.5054,0.335114,0.0,0.9673,-19.37,17.84,Other,MONITOR
dao_maker,CERE-USD,CERE,high,Tier 4,-0.178538,-0.243592,6.5054,0.335114,0.0,0.9673,-19.37,17.84,Other,MONITOR
dao_maker,LTO-USD,LTO,high,Tier 4,-0.178538,-0.243592,6.5054,0.335114,0.0,0.9673,-19.37,17.84,Other,MONITOR
dao_maker,GMM-USD,GMM,high,Tier 4,-0.178538,-0.243592,6.5054,0.335114,0.0,0.9673,-19.37,17.84,Other,MONITOR
internet_computer_ecosystem,KINIC-USD,KINIC,high,Tier 4,-0.209625,-0.300202,9.0577,1.0,0.45,0.5498,-34.25,28.37,Ecosystem,MONITOR
internet_computer_ecosystem,DOGMI-USD,DOGMI,high,Tier 4,-0.209625,-0.300202,9.0577,1.0,0.45,0.5498,-34.25,28.37,Ecosystem,MONITOR
internet_computer_ecosystem,OGY-USD,OGY,high,Tier 4,-0.209625,-0.300202,9.0577,1.0,0.45,0.5498,-34.25,28.37,Ecosystem,MONITOR
internet_computer_ecosystem,DMAIL-USD,DMAIL,high,Tier 4,-0.209625,-0.300202,9.0577,1.0,0.45,0.5498,-34.25,28.37,Ecosystem,MONITOR
internet_computer_ecosystem,ICP-USD,ICP,high,Tier 4,-0.209625,-0.300202,9.0577,1.0,0.45,0.5498,-34.25,28.37,Ecosystem,MONITOR
virtuals_protocol_ecosystem,G3-USD,G3,high,Tier 4,-0.292645,-0.377312,8.4667,1.0,0.25,0.5455,-32.53,24.05,Ecosystem,MONITOR
virtuals_protocol_ecosystem,VIRTUAL-USD,VIRTUAL,high,Tier 4,-0.292645,-0.377312,8.4667,1.0,0.25,0.5455,-32.53,24.05,Ecosystem,MONITOR
virtuals_protocol_ecosystem,AIXBT-USD,AIXBT,high,Tier 4,-0.292645,-0.377312,8.4667,1.0,0.25,0.5455,-32.53,24.05,Ecosystem,MONITOR
